method,MAE,RMSE
Mean,0.0,0.0
FFill-BFill,0.0,0.0
Linear,0.0,0.0
KNN_5,0.0,0.0
DeepMVI,0.00010652173306094057,0.005283838750581849
