method,MAE,RMSE
Mean,0.0,0.0
FFill-BFill,0.0,0.0
Linear,0.0,0.0
KNN_5,0.0,0.0
DeepMVI,1.557710876387337e-19,1.906746988640651e-18
